Model,Status,Error,MAE,MAPE,Forecast_30d
ARIMA,Success,,3646.1193830396933,4.315395362983992e+18,153418.29062685178
Exponential Smoothing,Success,,2950.1525844987614,1.9728985849456023e+18,161380.5668216358
Random Forest,Success,,29701.878710689267,0.1886887058123479,203432.2170699999
Gradient Boosting,Success,,27620.836198461417,0.16796237598421684,210383.9222739732
LSTM,Failed,TensorFlow not available,,,
